/*
MySQL Data Transfer
Source Host: localhost
Source Database: 3layer
Target Host: localhost
Target Database: 3layer
Date: 28-Nov-18 3:45:48 PM
*/


create database 3layer;

use 3layer;


SET FOREIGN_KEY_CHECKS=0;
-- ----------------------------
-- Table structure for attacker
-- ----------------------------
DROP TABLE IF EXISTS `attacker`;
CREATE TABLE `attacker` (
  `id` int(11) NOT NULL auto_increment,
  `user` text,
  `fname` text,
  `sk` text,
  `dt` text,
  `attacktype` text,
  PRIMARY KEY  (`id`)
) ENGINE=InnoDB DEFAULT CHARSET=latin1;

-- ----------------------------
-- Table structure for cloud
-- ----------------------------
DROP TABLE IF EXISTS `cloud`;
CREATE TABLE `cloud` (
  `name` text,
  `pass` text
) ENGINE=InnoDB DEFAULT CHARSET=latin1;

-- ----------------------------
-- Table structure for cloudserver
-- ----------------------------
DROP TABLE IF EXISTS `cloudserver`;
CREATE TABLE `cloudserver` (
  `id` int(11) NOT NULL auto_increment,
  `fname` text,
  `ownername` text,
  `cname` text,
  `ct1` text,
  `mac1` text,
  `ct2` text,
  `mac2` text,
  `sk` text,
  `dt` text,
  `fsize` text,
  `status` text,
  `rank` int(11) default '0',
  PRIMARY KEY  (`id`)
) ENGINE=InnoDB DEFAULT CHARSET=latin1;

-- ----------------------------
-- Table structure for downer
-- ----------------------------
DROP TABLE IF EXISTS `downer`;
CREATE TABLE `downer` (
  `id` int(11) NOT NULL auto_increment,
  `name` text,
  `pass` text,
  `email` text,
  `mobile` text,
  `addr` text,
  `dob` text,
  `gender` text,
  `pin` text,
  `location` text,
  `imagess` longblob,
  `status` text,
  PRIMARY KEY  (`id`)
) ENGINE=InnoDB DEFAULT CHARSET=latin1;

-- ----------------------------
-- Table structure for fog
-- ----------------------------
DROP TABLE IF EXISTS `fog`;
CREATE TABLE `fog` (
  `name` text,
  `pass` text
) ENGINE=InnoDB DEFAULT CHARSET=latin1;

-- ----------------------------
-- Table structure for fogserver
-- ----------------------------
DROP TABLE IF EXISTS `fogserver`;
CREATE TABLE `fogserver` (
  `id` int(11) NOT NULL auto_increment,
  `fname` text,
  `ownername` text,
  `cname` text,
  `ct4` text,
  `mac4` text,
  PRIMARY KEY  (`id`)
) ENGINE=InnoDB DEFAULT CHARSET=latin1;

-- ----------------------------
-- Table structure for localmachine
-- ----------------------------
DROP TABLE IF EXISTS `localmachine`;
CREATE TABLE `localmachine` (
  `id` int(11) NOT NULL auto_increment,
  `fname` text,
  `ownername` text,
  `cname` text,
  `ct3` text,
  `mac3` text,
  PRIMARY KEY  (`id`)
) ENGINE=InnoDB DEFAULT CHARSET=latin1;

-- ----------------------------
-- Table structure for request
-- ----------------------------
DROP TABLE IF EXISTS `request`;
CREATE TABLE `request` (
  `id` int(11) NOT NULL auto_increment,
  `user` text,
  `owner` text,
  `fname` text,
  `download_per` text,
  PRIMARY KEY  (`id`)
) ENGINE=InnoDB DEFAULT CHARSET=latin1;

-- ----------------------------
-- Table structure for results
-- ----------------------------
DROP TABLE IF EXISTS `results`;
CREATE TABLE `results` (
  `fname` text,
  `tdelay` text,
  `tpt` text
) ENGINE=InnoDB DEFAULT CHARSET=latin1;

-- ----------------------------
-- Table structure for transaction
-- ----------------------------
DROP TABLE IF EXISTS `transaction`;
CREATE TABLE `transaction` (
  `id` int(11) NOT NULL auto_increment,
  `user` text,
  `fname` text,
  `task` text,
  `dt` text,
  `fsize` text,
  PRIMARY KEY  (`id`)
) ENGINE=InnoDB DEFAULT CHARSET=latin1;

-- ----------------------------
-- Table structure for user
-- ----------------------------
DROP TABLE IF EXISTS `user`;
CREATE TABLE `user` (
  `id` int(11) NOT NULL auto_increment,
  `name` text,
  `pass` text,
  `email` text,
  `mobile` text,
  `addr` text,
  `dob` text,
  `gender` text,
  `pin` text,
  `location` text,
  `imagess` longblob,
  `status` text,
  `search_per` text,
  PRIMARY KEY  (`id`)
) ENGINE=InnoDB DEFAULT CHARSET=latin1;

-- ----------------------------
-- Records 
-- ----------------------------
INSERT INTO `attacker` VALUES ('1', 'Rajesh', 'Cloud_Auth.jsp', '[B@1c1e333111', '28/11/2018   14:58:30', 'Hash Solomon code/Sk Mismatch');
INSERT INTO `attacker` VALUES ('2', 'Hari', 'EU_Auth.jsp', '[B@159d4502323', '28/11/2018   15:40:29', 'Hash Solomon code/Sk Mismatch');
INSERT INTO `cloud` VALUES ('cloud', 'cloud');
INSERT INTO `cloudserver` VALUES ('13', 'Cloud_Auth.jsp', 'tmksmanju', 'cloud', 'DQo8JUAgcGFnZSBsYW5ndWFnZT0iamF2YSIgY29udGVudFR5cGU9InRleHQvaHRtbDsgY2hhcnNldD1JU08tODg1OS0xIglwYWdlRW5jb2Rpbmc9IklTTy04ODU5LTEiJT4NCjwlQHBhZ2UgaW1wb3J0PSJqYXZhLnV0aWwuKiIlPg0KPCVAIGluY2x1ZGUgZmlsZT0iY29ubmVjdC5qc3AiJT4NCjwlQHBhZ2UJaW1wb3J0PSJqYXZhLnV0aWwuKixqYXZhLnNlY3VyaXR5LktleSxqYXZhLnV0aWwuUmFuZG9tLGphdmF4LmNyeXB0by5DaXBoZXIsamF2YXguY3J5cHRvLnNwZWMuU2VjcmV0S2V5U3BlYyxvcmcuYm91bmN5Y2FzdGxlLnV0aWwuZW5jb2RlcnMuQmFzZTY0IiU+IA0KPCVAIHBhZw==', '7267f7794d30de4414eb1fe74d9625c98782fa1', 'IGltcG9ydD0iamF2YS5zcWwuKixqYXZhLnV0aWwuUmFuZG9tLGphdmEuaW8uUHJpbnRTdHJlYW0samF2YS5pby5GaWxlT3V0cHV0U3RyZWFtLGphdmEuaW8uRmlsZUlucHV0U3RyZWFtLGphdmEuc2VjdXJpdHkuRGlnZXN0SW5wdXRTdHJlYW0samF2YS5tYXRoLkJpZ0ludGVnZXIsamF2YS5zZWN1cml0eS5NZXNzYWdlRGlnZXN0LGphdmEuaW8uQnVmZmVyZWRJbnB1dFN0cmVhbSIlPg0KPCVAIHBhZ2UgaW1wb3J0PSJqYXZhLnNlY3VyaXR5LktleSxqYXZhLnNlY3VyaXR5LktleVBhaXIsamF2YS5zZWN1cml0eS5LZXlQYWlyR2VuZXJhdG9yLGphdmF4LmNyeXB0by5DaXBoZXIiJT4N', '48744d61abc0e6fab30b3e61b6aec2cd4b3e98e2', '[B@1c1e333', '27/11/2018   17:05:29', '1326', 'No', '9');
INSERT INTO `cloudserver` VALUES ('14', 'Do_Auth.jsp', 'tmksmanju', 'cloud', 'PHRpdGxlPkF1dGhlbnRpY2F0aW9uIFBhZ2U8L3RpdGxlPg0KPCVAIHBhZ2UgbGFuZ3VhZ2U9ImphdmEiIGNvbnRlbnRUeXBlPSJ0ZXh0L2h0bWw7IGNoYXJzZXQ9SVNPLTg4NTktMSIgcGFnZUVuY29kaW5nPSJJU08tODg1OS0xIiU+DQo8JUBwYWdlIGltcG9ydD0iamF2YS51dGlsLioiJT4NCjwlQCBpbmNsdWRlIGZpbGU9ImNvbm5lY3QuanNwIiU+DQo8JUBwYWdlIGltcG9ydD0iamF2YS51dGlsLiosamF2YS5zZWN1cml0eS5LZXksamF2YS51dGlsLlJhbmRvbSxqYXZheC5jcnlwdG8uQ2lwaGVyLGphdmF4LmNyeXB0by5zcGVjLlNlY3JldEtleVNwZWMsb3JnLmJvdW5jeWNhc3RsZS51dGlsLmVuY29kZXJzLkJhc2U2NCIlPg0KPCVAIHBhZ2UgaW1wb3J0PSJqYXZhLnNxbC4qLGphdmEudXRpbC5SYW5kb20samF2YS5pby5Qcmk=', '-5daca486ae6c4a57bd47061777c2248e2775eba8', 'dFN0cmVhbSxqYXZhLmlvLkZpbGVPdXRwdXRTdHJlYW0samF2YS5pby5GaWxlSW5wdXRTdHJlYW0samF2YS5zZWN1cml0eS5EaWdlc3RJbnB1dFN0cmVhbSxqYXZhLm1hdGguQmlnSW50ZWdlcixqYXZhLnNlY3VyaXR5Lk1lc3NhZ2VEaWdlc3QsamF2YS5pby5CdWZmZXJlZElucHV0U3RyZWFtIiU+DQo8JUAgcGFnZSBpbXBvcnQ9ImphdmEuc2VjdXJpdHkuS2V5LGphdmEuc2VjdXJpdHkuS2V5UGFpcixqYXZhLnNlY3VyaXR5LktleVBhaXJHZW5lcmF0b3IsamF2YXguY3J5cHRvLkNpcGhlciIlPg0KPCVAcGFnZSBpbXBvcnQ9ImphdmEudXRpbC4qLGphdmEudGV4dC5TaW1wbGVEYXRlRm9ybWF0LGphdmEudXRpbC5EYXRlLGphdmEuaW8uRmlsZUlucHV0U3RyZWFtLGphdmEuaW8uRmlsZU91dHB1dFN0cmVhbSxqYXZhLmlvLlByaQ==', '9575c8fc5645881120715d3fa76ca8eae28c3de', '[B@13de2bd', '27/11/2018   18:20:30', '1654', 'No', '0');
INSERT INTO `cloudserver` VALUES ('15', 'EU_Auth.jsp', 'Manjunath', 'cloud', 'PHRpdGxlPkF1dGhlbnRpY2F0aW9uIFBhZ2U8L3RpdGxlPg0KPCVAIHBhZ2UgbGFuZ3VhZ2U9ImphdmEiIGNvbnRlbnRUeXBlPSJ0ZXh0L2h0bWw7IGNoYXJzZXQ9SVNPLTg4NTktMSIgcGFnZUVuY29kaW5nPSJJU08tODg1OS0xIiU+DQo8JUBwYWdlIGltcG9ydD0iamF2YS51dGlsLioiJT4NCjwlQCBpbmNsdWRlIGZpbGU9ImNvbm5lY3QuanNwIiU+DQo8JUBwYWdlIGltcG9ydD0iamF2YS51dGlsLiosamF2YS5zZWN1cml0eS5LZXksamF2YS51dGlsLlJhbmRvbSxqYXZheC5jcnlwdG8uQ2lwaGVyLGphdmF4LmNyeXB0by5zcGVjLlNlY3JldEtleVNwZWMsb3JnLmJvdW5jeWNhc3RsZS51dGlsLmVuY29kZXJzLkJhc2U2NCIlPg0KPCVAIHBhZ2UgaW1wb3J0PSJqYXZhLnNxbC4qLGphdmEudXRpbC5SYW5kb20samF2YS5pby5QcmludFN0cmVhbSxqYQ==', '-4f3eda65759db824c2375cc1b712f1ce01eec706', 'YS5pby5GaWxlT3V0cHV0U3RyZWFtLGphdmEuaW8uRmlsZUlucHV0U3RyZWFtLGphdmEuc2VjdXJpdHkuRGlnZXN0SW5wdXRTdHJlYW0samF2YS5tYXRoLkJpZ0ludGVnZXIsamF2YS5zZWN1cml0eS5NZXNzYWdlRGlnZXN0LGphdmEuaW8uQnVmZmVyZWRJbnB1dFN0cmVhbSIlPg0KPCVAIHBhZ2UgaW1wb3J0PSJqYXZhLnNlY3VyaXR5LktleSxqYXZhLnNlY3VyaXR5LktleVBhaXIsamF2YS5zZWN1cml0eS5LZXlQYWlyR2VuZXJhdG9yLGphdmF4LmNyeXB0by5DaXBoZXIiJT4NCjwlQHBhZ2UgaW1wb3J0PSJqYXZhLnV0aWwuKixqYXZhLnRleHQuU2ltcGxlRGF0ZUZvcm1hdCxqYXZhLnV0aWwuRGF0ZSxqYXZhLmlvLkZpbGVJbnB1dFN0cmVhbSxqYXZhLmlvLkZpbGVPdXRwdXRTdHJlYW0samF2YS5pby5QcmludFN0cmVhbSIlPg0KDQo8JQ0KCVN0', '71d1a86cae354f514ecf6dc3906f530ce449b3f2', '[B@159d450', '28/11/2018   15:36:23', '1699', 'No', '1');
INSERT INTO `downer` VALUES ('1', 'tmksmanju', 'tmksmanju', 'tmksmanju13@gmail.com', '9535866270', '#7982,14th Cross,Malleshwaram', '05/06/1987', 'Male', '560040', 'Bangalore', 0x89504E470D0A1A0A0000000D49484452000000790000007908030000002A247E7B00000063504C5445FFFFFF000000E6E6E6F8F8F8727272BEBEBEE9E9E9E0E0E09494943030309E9E9ECACACAA7A7A74B4B4BF2F2F24747471C1C1C7C7C7C3636360F0F0F8D8D8D616161525252D6D6D66A6A6AC4C4C42525255C5C5CAEAEAE1414148484845757573D3D3DEB2CA73D00000621494441546881C55BD976AB300C2450D62490B5D9DBFCFF57DE58B60324481A137AEE9CD397063C5896644996A32818F1FC5AAD8FCDF9B69D6D6FE7E5715D5DE771F83061C84EC5723B1BC276599CB2BFA23D54CD6A90D563B5AC0ED3D3E64523B27A34553E256D92EE5F85BB2A379BCDFDF157AE5EC5BF4F93A988ABB2477AA9D2799EF9D193389FA7C5A547BF594CC3DB1D7297726A94A5BBEE07561FF32E3A52BCD6CAC3F5B5B32A9FCDFBF49CC672812D5EB2583E05341FCD5B7FF941BE42ACE5D0BEA6098941EAAD771DEAA1E2B57B73958EE04DFCDB5F630C34F7F3FE09B6B0DC398EE5D8C59ABBF56E023FFCE43EF93A92D7C09BC529E4A5C2BEF33D52431CEA6F3B4C81BFB29EC2220DDCB4D7E0E3C9D19AE314FBCEC13A8423A46789F543176DB7ADB3388E336D3DB20B4CED88BF844793ECB43B7E6FCEB7D9ADBCEF770771D4C4DAD75EA7B6A2FEE11FA8ABEF591F7759217EECAC3562AB5C3B9EF76736804614FA0E51B342215E0CF13E701647DDE9C695CAA24E5E439316E5FA2AA8A41594E05272AB5C2CB11C8A6DBFF89DC5AA19EB48EDC817560B5F35EB0D37D6D926645C0D373469D786155AA111CF8420282397C2ACA35D64D673E500F16CC66EC807FEE79A0201DE3479EDEA81B52F8A2457433F93127CB3C4D89425B325351950DF93FCC57EFFD2C12A784D3FBF471AA4017C20506F50667EBDC80D6D06FFBB645F720A8260CF0FB21CFA324612FD2F8350F22B36A707FAFF23C5639D57E49D100421A2A051FA364FAF4851E20567162497BF4D9AA62C6D638ACBEE418A57C9423A2B9D90624B99447D9F8639360F6C5AF74D7E535AE500A35242565AE976BB24C728869A5929B3A173B6D6F98C8C68DD055B0E9CB39C97904D7B5D2E54190531CBF92339066F58A4B772541AA2DB720E48DEDB0998442FF83CC22FCEACE4261DA52263D6924670777EE0AC242757F39015370952CB527630331B6C39B4E2CE4C2CF2B6770D7E290435993006BA3282A190808FED1DF05D52CD96497CC699904DA995940C6656CB1BA9FF3E326DB5408C9B953A144DC22CB4A9586EB5A7F10DFA571FCA30DEDCEE71D11F478312A028427B7D6C2314A03E1A83CC40118A346B6ECD0528D5A17306CA3AA46257EBC1F472DB1C2486C7AA283ED9EA223AC2CCAA278972A3626B1A72A5965403F62ACD7B3E5466451F68862CD58703E2B0BB5A38AC8DFF5C46E719E0B59DBF81C027854F9830E31CDD30E629D7999857E45000663CBB01CCCA306F29BBB8EB0FA38E440EDB1D4869881998332C6E316C77B07306A58D4E7A8B9C7918E61BAADB0F6AB528F5C02F74D862751BB367C260C9B307A150DB01D9734341A5EEC3087A2C861D7B381F06FA6D033D16C38E019CDF06F72A827CF06DBC0304B757A1FBB381B6D0D832FBFD993E003CD7D1C40D8ACEC524681C46900DAB0147A11C2D86634F821C99A0C79F9E118BB71DA4C40ED81E092465136F633986835477454FD69E3906965779F0DE043E7D7CE655944B96E86BBD86872E408B8A3AB924963FB76098E16366CA9F9B7616F841F3A7CC9D9A015427998EF9D2D146A036A433A35D101D6143F5B0E998696DBD1D0035409D199576AF0608D43D5B240C33F8FA8B52E9B5DE16F567CC547A683DA65EDF6EC1F94F6C87249FDD0DFBD49A7E0B6E8FC63C3FD5F47B150A5C49B87351E8BBDFCF31F4B31B0FBE2E862CF4C0D98D7A5EE590F067387ADE3C785EA59ED159D45276F5AB8617E42CDF5C5639F8DF3E72B966A175DDD0ECDEF763ED2C36422ACDA29A594F30D0E6A09C3F83B97BC5EF3CE43787B4583C738FF1CAFA0F639CFC993BDF67909C024E258DE0869A5C853E03E760CA570DCDAB80132387B2789DB83D6AE3F420A1FA45AF9F2439E145A13EF6A7DE38723FC95B0F4DB20838087DC3BDA36D4A0FCD4BDF50520D378907A070DC36091537954EAF145E019340B602F44A79B1ECA243B85A0DA39C63FD61BEEE85D48150D8B1F4A2A4D003F609803EC0BFA146889FFD9E5302EBF78C829A4720A03DAE11D6848623A0AFD7BB946910D83D9E7FE237BB08EDDFEEF4AC7F86F5985B21A9566CD431AA4F3FEADE4D1889B17713A2EE7D8C112883DAE4DF307EC7FABCE39D2B43C9F8FCDE0D7187CABC9C86371ABA5F2561C2FB5506F09DB2B7A87302E8F7E89ABFB84767F19FEE0E7AF4EF4B3663EF4BFE03C5D644462748AF660000000049454E44AE426082, 'Authorized');
INSERT INTO `downer` VALUES ('2', 'Manjunath', 'Manjunath', 'tmksmanju13@gmail.com', '9535866270', '#7827,4th Cross,Rajajinagar', '05/06/1987', 'Male', '560021', 'Bangalore', 0x89504E470D0A1A0A0000000D49484452000000E1000000E10803000000096D22480000008D504C5445FFFFFF3333333030302D2D2D1F1F1F2525252828281E1E1E1B1B1B2222221818181A1A1AF3F3F3F7F7F7FAFAFAF0F0F0ADADADE0E0E0E9E9E9363636D0D0D0B7B7B77C7C7C595959C3C3C3686868464646727272404040DBDBDB505050131313616161A4A4A4878787989898C6C6C68B8B8B5555559C9C9CBBBBBB8181814242429393930000008A8A8A6E6E6E3F146E4100000C0149444154789CED5DE79AA3B8121D2410609B6870C060E3D80E3BFDFE8F77C1EE608C08924A8D7ABE7BFEEDB7BB331CAB544915FEFCF93F98E184C1C2DFBEDD8EC7DBDBD68F02CF1DFA8B20112EFEE609B274DB304801C3B04D7DBA5EEE236FE82F03417449894E30D2AA40081B3A4EF6C1D0DF27886887C7E495DC334F63737DFBBD24DDF3BC95DE27497D150DFDA97CF0AF3AEEA2F700D1E787A1BF961D87ABDE797CDFC056FECB64355C6D18F8DD396E6ECED05FCD8033266CFC4AD8C9EFB98E1716017D3A467B3BF497F743783578F895B0DE7F83A466D39E1A940663AEBE9B1361018285E14854A7188DB8AEE037B0160ECDA115992148B0A098AA7C8AE154986021A87375032B3711BA839F30DE8726D28825879DA7C1BC0DCDA401BE0943B0706FD4F46E825A94CB0D9C2869F973904BF88071199A0D05BE054750D336EAC9A90B27A325F069684235ECB9DD6D3ACCF3D08C5E10762764D88012C5ECFE5FE023D434DD1F9A5305130877AD0ABC1E9A5405BE0E4D50D3C64AA9D335F8111687A8927B1A8DE009163651A1487106E47257612894980257A47728A46B22B0A0A20AA28C98DEA4086911442963126568D212783934B30F04928E5043534592520B09E6FE012B1B9ADB03475967A8CC455C0206F75590DDD0DCEE90E0757F02A9611103292EDB0396121929798A46D3464ABC7DFBB63C86A612150CB23C9A126A28D39534555A8417FBA1D995384953A585DFB61A9A5D094D224335CC859CE0F083E175687625249AC3C2F71E9A5D898D44861A199A5D81895486D6D0F40A8452198E86A6F747AE5BAA06C37FFF0C1DA90CF5A1E99590C910A1A1D99590185A68281D9A5D897FDF6BBBCAF4BCF3A1D99590950FBE3354E2850DB28EE615643634BB12729ED61E30DE866657E24D62F864C743B32B114B341796126FF9D1581EC3CD646876253C79F952A4295136E4A4D2CC059E0F4DEE0179E6420D6321D35CA8912E95692E74450A146595621467A848318627EB0111AD9550A505E692548D2A8A46623D8D123E5B09596FA48622A518C545042DD3FF821A29FD07E4A81A654AA20AECA45C44351E801F90135E6C14A9F9BA438698AAE2763F20434C5512D2424C256853531197ED01073E69AA46AAF41B177031554B48FFFC3980BB35EA14793FE0426B53D584143E0C56A3A2ED1913D8C76E359ED5AA80CDD6A8A6674A64908788882AD1FD3320CBBD0D25670E40C6C1AAA4A0AA70133083419428BAAC23063B444389F26E0AD640375191360B0A22A0D29AB1126F6A54C0A8535B89A76D3A0288E76094AA680B3F011144E9CAE4816900181EA1E0CC8F0AC467B8E8CA24BA1B900BCAA9A9508B3A1DA1D89C1AD565B4442C22A748596FE6192B0139556C644B0326FC05A744A1B79836703B6F68AAAEBB5645CC17EE23FD375CC207F63C71145274D21E1D338EDCA2F92BB4CC174ECC51867D1CFA9BD930612DE753EBB5B00F5873E02A0D14EA878CB1144CADC95E7DE0B2352920ACC4F40426B065F9D568AC60C396E922AAD176C08603D345D417437F2F3B32A6ACD4CFB61DC014EA644C526AFEA04BBAD8C1FC656C67F863AFF6E176BA02CA56B2DD43F4330CA315F90FCCB560D3A53F21A5936DAAEB1ADC857F67F2BDE517268437DB4636E0FE8C1031F934B2DDD2F0880B99B2FE02FE918C9EB75C9FC6DB6103696804F95EE0B0A6F7C7F2544D78D9945F830D509BFBCE9A5224B26A13828B7EFF169C822AB32D7B1BCD48CA7B85BB278FDF9AAC418564CB918942898454E239FD580B63E7908F92CE8CABEC1B5FA16D62361F7F68031DB2FB66E2A79C457C98EC2125C9DBD99F261972E949B69BDAFC8F4F06C963A858DFD7BE7EE80D589ED289D796E02330B6F5D501E0CA0427F3F34390056506B3BF06DF46B95792163A8AEA55FF7BB92402EA0F9BC47313ACFC1211732E22ADE1F2C958C19CA077D36CD81E44AC4F8FBCAA357EDEBEB88168B40D2E1BF165643520B2C9171C37D25B3EAD7E43109DC4D1CA92D5CB8DADEB96D50D58684F5F836C71828BBCEFC2582E207BBA678AE8F6156537122618A752F9DD391AC6AEB71FE02C2BEEA270B4B4482C89E385BE4146B37ED6234B2BF745178CAAA3F9CFF0BB731CCF7A28D6D8A808942EE6AA05EFC0E6A18B23B974DDC79D59F9C56D21673B9C6DC0F8214C6CD3269818B66ED477B07F731CDDDAF4AA9357F3B38648E18A77B3A1EC43E1BDA4F92E8EA22C08B2E8B09DE5A8D9B33550B3EDF092EA27119178D047502D4ED8D2FE462F1FED1D6EEB510349F45F93720CD2AA4CE1357F389D9D40DCEB3BBF754314911D313504D39B8A1922542588F81F099C1DD40544F6BC2DF515AFCDDA5F643475619C5FD79CF33F992F78C3F71A30E932568BBCAA1B357C6AB85AFE6B9599C51BF1BA332801D58C3E99AFB3F6AC1E116E3017B5F5A7366FBB4634056BA2B47B76FDEC8DA740B6C1AFF15FD35E24E7247813DD47FD8DFEDE46987F1E5053185413519CF2C5CEE11C6EB29ECE2245DB876FDF541356AB9C479C235F1608CE47236C8F307777BAA926ACBE82983360BABDAA6301B0EFFA7DD711A61BF0B856AB6B7069197705391382438ADE1A76E71E6A0431D7EC2C6F0ED988CED5B6450F9DB2BA9BBEE1C95E8529641A0670E35F38ADE986318FA90F30681C6883BD4C38D7BA5BC7131206F51F4A048095CEF39A68A12B4740014C90DBDDA8E352B7CF3C956393149420C20D323A59C4DBED39623023941E39AE42F1136CAEB721BB77585AA66D18BA652DFD9ED734AA3F3273ADA4E1E9296801BDE7C79D8DBE0405DBC6B28FA87994C62393434663D8A99D0851C39FBCFA33627DDEED12504651F2C86800FCDC428F0E76358D8137AB0E9D78AC6B19AE55ECC0333BE943830EB41629326D9538DAC4A611878C9E81E7E8E9B4DA3C97DEC987EC960892361096CBE1069E614DDF54D158D06F37A739289DC6087144BDD05B0DA9B7F0DCACCB306E50385B4AA063723C32B950533CBE18523441EB006244A8E5FB01255BCC35172C039EBF86694E717B791FA29E0C6D3C3A570B3FF470325AC9472D4BF68A513DA74A9B686070F5F5418F77A68C790CBBEDADF54A31A468078479E27A97AD86B91388929CE933EAE535DA5A52E49AAF60C6015EA6461909DC6F6E6D357546EB70E0CC1A04C0E69E5C6A7F45CFDE36EB49A352676D513D896E404F5CADB7A6B93D3D0AF46417B7945BC83B301A9C614D2BF65E0C89BFC61078B42770DE05F3D00CEB6310FBAF4DFCBA68478A05E31EBD2F9F21C3DAC48F149A47FB3F6CDE1E18F952EA30B8148F8927B41954FCF315A119927A3B0ECBE4B3F2ED30A0FC248DA9AD9F6748D93E7D60304808B954EB2230223303B687B4D7319A7FD204320B2947DE90F9E985107A41AC51FF96D7229F56609AA32C32E5D4811E5E6D5282BD49CE50FB47FB2FC7229D0BD06B1B0935C289AF22D51D62DBA0A067AC37EC1B71FDC4E4E6C86D0BEF3840AF02301BDED7DD38E5E448F1E65900BE2EAE25C88953AE46225BB0118CE6C70B416FCED9BA5B8E6224E159C30EF8A0FCB630C73BD60BF53A203E37EB0CBD8D9A6630BE91ADD9AE23C480C519B09C22AD5DF7F988457F8F011AF8DDFA4BB918BADEB8C3F7FECF7928112758F81CA085345A8F8A3D7FDC575279F2F834E4C0826A76950B053D8B77E0A629AFF83D0E2AC65D95C12F7D3D4DB0E1864CF80436F93DEE7CE8BBF5086BBA94161342E0E61F7BD9F57171B7DC083A6CAFF011E8833E31BA9444D659A6043DCD66F226D2815E031ABD77E43843AD9DA2843D42DE168195E9975F68AFDA3986EDB55810D6BE06C74FC6E2F3D6BF40ECF676BB568A5CD54F7D101C531D8E24D9ACDA387AF5DACA2F48DC23E42C2EC9D880321F643C6BC976364F3E4753A99B1F9DECEDB4813A4A825B322D51D3CDFF810D26DEE2B626B621365EFE0E644F9B43AAA6B2BA1F1ADB3E89B6EF6B64D92D4D9FFD388E568D32F74675E07E72C3AC1B66FE2E9F8E2CDB10F0ED48F33152B3E23C156C6270BCE8BCBD9CC86664E9255554828522329B2ED684F207C104867C08A345BC9FE5EB249D6A65F772C99710FC0144C3FDDF10B2491A942AA514D85262D0A913065956F0DDEE77B3D5FB7299E7F3F969BD4E926B9A4EA7D334BD5E932459AF4FF37CB95ACD76B75B5330B47F0D50873CC20EB8AEE33893895762329914FFE0B83DA2D8D7C9E7BF633D040B5E1EC3116773A1CAA8F6DFFDC681CA9D78361988A8B4AA1B0ACFC12257E796FA08BEC63ED9BF64490B33C2DC2285F1248D9EC13F80C52CD192D9AFDB2DC0843EB69305FF03B1EFC7D6C2AA26A20000000049454E44AE426082, 'Authorized');
INSERT INTO `fog` VALUES ('Fog', 'Fog');
INSERT INTO `fogserver` VALUES ('2', 'Cloud_Auth.jsp', 'tmksmanju', 'cloud', 'YXNzICsgIicgIjsNCgkJU3RhdGVtZW50IHN0bXQgPSBjb25uZWN0aW9uLmNyZWF0ZVN0YXRlbWVudCgpOw0KCQlSZXN1bHRTZXQgcnMgPSBzdG10LmV4ZWN1dGVRdWVyeShzcWwpOw0KDQoJCWlmIChycy5uZXh0KCk9PXRydWUpDQoJCXsNCgkJCXJlc3BvbnNlLnNlbmRSZWRpcmVjdCgiQ19NYWluLmpzcCIpOw0KCQl9DQoJCSBlbHNlIA0KCQl7DQoJCQlyZXNwb25zZS5zZW5kUmVkaXJlY3QoIndyb25nbG9naW4uaHRtbCIpOw0KCQl9DQoNCgl9IA0KCWNhdGNoIChFeGNlcHRpb24gZSkNCgl7DQoJCW91dC5wcmludChlKTsNCgkJZS5wcmludFN0YWNrVHJhY2UoKTsNCgl9DQolPg0KDQo=', '26a0489c767cb0d88012146586f47bcec122953b');
INSERT INTO `fogserver` VALUES ('3', 'Do_Auth.jsp', 'tmksmanju', 'cloud', 'd2hlcmUgbmFtZT0nIiArIG5hbWUrICInIGFuZCBwYXNzPSciICsgcGFzcyArICInIGFuZCBzdGF0dXM9J0F1dGhvcml6ZWQnICI7DQoJCQlSZXN1bHRTZXQgcnMxID0gc3RtdC5leGVjdXRlUXVlcnkoc3FsMSk7DQoJCQlpZiAocnMxLm5leHQoKSkNCgkJCXsNCgkJCQlyZXNwb25zZS5zZW5kUmVkaXJlY3QoIkRPX01haW4uanNwIik7DQoJCQl9DQoJCQllbHNlDQoJCQl7DQoJCQkJcmVzcG9uc2Uuc2VuZFJlZGlyZWN0KCJET19hdXRoby5qc3AiKTsNCgkJCX0JCQkNCgkJfQkNCgkJZWxzZQ0KCQl7DQoJCQlyZXNwb25zZS5zZW5kUmVkaXJlY3QoIndyb25nbG9naW4uaHRtbCIpOw0KCQl9DQoNCgl9IGNhdGNoIChFeGNlcHRpb24gZSkgew0KCQlvdXQucHJpbnQoZSk7DQoJCWUucHJpbnRTdGFja1RyYWNlKCk7DQoJfQ0KJT4NCg0K', '6b71307425cd74f273103af11d581f2473392947');
INSERT INTO `fogserver` VALUES ('4', 'EU_Auth.jsp', 'Manjunath', 'cloud', 'ICogRlJPTSB1c2VyIHdoZXJlIG5hbWU9JyIgKyBuYW1lKyAiJyBhbmQgcGFzcz0nIiArIHBhc3MgKyAiJyBhbmQgc3RhdHVzPSdBdXRob3JpemVkJyAiOw0KCQkJUmVzdWx0U2V0IHJzMSA9IHN0bXQuZXhlY3V0ZVF1ZXJ5KHNxbDEpOw0KCQkJaWYgKHJzMS5uZXh0KCkpDQoJCQl7DQoJCQkJcmVzcG9uc2Uuc2VuZFJlZGlyZWN0KCJFVV9NYWluLmpzcCIpOw0KCQkJfQ0KCQkJZWxzZQ0KCQkJew0KCQkJCXJlc3BvbnNlLnNlbmRSZWRpcmVjdCgiRVVfYXV0aG8uanNwIik7DQoJCQl9CQkNCgkJfQkNCgkJZWxzZQ0KCQl7DQoJCQlyZXNwb25zZS5zZW5kUmVkaXJlY3QoIndyb25nbG9naW4uaHRtbCIpOw0KCQl9DQoNCgl9IGNhdGNoIChFeGNlcHRpb24gZSkgew0KCQlvdXQucHJpbnQoZSk7DQoJCWUucHJpbnRTdGFja1RyYWNlKCk7DQoJfQ0KJT4NCg0K', '72fb0a95e5114767a5548a29887a44f8d2c1167d');
INSERT INTO `localmachine` VALUES ('2', 'Cloud_Auth.jsp', 'tmksmanju', 'cloud', 'PCVAcGFnZQlpbXBvcnQ9ImphdmEudXRpbC4qLGphdmEudGV4dC5TaW1wbGVEYXRlRm9ybWF0LGphdmEudXRpbC5EYXRlLGphdmEuaW8uRmlsZUlucHV0U3RyZWFtLGphdmEuaW8uRmlsZU91dHB1dFN0cmVhbSxqYXZhLmlvLlByaW50U3RyZWFtIiU+DQoNCjwlDQoJU3RyaW5nIG5hbWUgPSByZXF1ZXN0LmdldFBhcmFtZXRlcigidXNlcmlkIik7DQoJU3RyaW5nIHBhc3MgPSByZXF1ZXN0LmdldFBhcmFtZXRlcigicGFzcyIpOw0KDQoJdHJ5IHsNCg0KCQlTdHJpbmcgc3FsID0gIlNFTEVDVCAqIEZST00gY2xvdWQgd2hlcmUgbmFtZT0nIiArIG5hbWUrICInIGFuZCBwYXNzPSciICsg', '-59403e9e7d1fe1d6ae63a7be93b6dbcf39dac121');
INSERT INTO `localmachine` VALUES ('3', 'Do_Auth.jsp', 'tmksmanju', 'cloud', 'dFN0cmVhbSIlPg0KDQo8JQ0KCVN0cmluZyBuYW1lID0gcmVxdWVzdC5nZXRQYXJhbWV0ZXIoInVzZXJpZCIpOw0KCVN0cmluZyBwYXNzID0gcmVxdWVzdC5nZXRQYXJhbWV0ZXIoInBhc3MiKTsNCgkJCWFwcGxpY2F0aW9uLnNldEF0dHJpYnV0ZSgiZG9uYW1lIiwgbmFtZSk7DQp0cnkgew0KCQlTdHJpbmcgc3FsID0gIlNFTEVDVCAqIEZST00gZG93bmVyIHdoZXJlIG5hbWU9JyIgKyBuYW1lKyAiJyBhbmQgcGFzcz0nIiArIHBhc3MgKyAiJyAiOw0KCQlTdGF0ZW1lbnQgc3RtdCA9IGNvbm5lY3Rpb24uY3JlYXRlU3RhdGVtZW50KCk7DQoJCVJlc3VsdFNldCBycyA9IHN0bXQuZXhlY3V0ZVF1ZXJ5KHNxbCk7DQoJCWlmIChycy5uZXh0KCkpDQoJCXsNCgkJDQoJCQlTdHJpbmcgc3FsMSA9ICJTRUxFQ1QgKiBGUk9NIGRvd25lcg==', '-789d2130b8cb42f198a4d11702cdde67ebb7cf90');
INSERT INTO `localmachine` VALUES ('4', 'EU_Auth.jsp', 'Manjunath', 'cloud', 'aW5nIG5hbWUgPSByZXF1ZXN0LmdldFBhcmFtZXRlcigidXNlcmlkIik7DQoJU3RyaW5nIHBhc3MgPSByZXF1ZXN0LmdldFBhcmFtZXRlcigicGFzcyIpOw0KCQkJYXBwbGljYXRpb24uc2V0QXR0cmlidXRlKCJ1bmFtZSIsIG5hbWUpOw0KCVN0cmluZyB3YWl0PSJXYWl0aW5nIjsNCglTdHJpbmcgYXV0aD0iQXV0aG9yaXplZCI7DQp0cnkgew0KCQlTdHJpbmcgc3FsID0gIlNFTEVDVCAqIEZST00gdXNlciB3aGVyZSBuYW1lPSciICsgbmFtZSsgIicgYW5kIHBhc3M9JyIgKyBwYXNzICsgIicgIjsNCgkJU3RhdGVtZW50IHN0bXQgPSBjb25uZWN0aW9uLmNyZWF0ZVN0YXRlbWVudCgpOw0KCQlSZXN1bHRTZXQgcnMgPSBzdG10LmV4ZWN1dGVRdWVyeShzcWwpOw0KDQoJCWlmIChycy5uZXh0KCkpDQoJCXsNCgkJCVN0cmluZyBzcWwxID0gIlNFTEVD', '-f44ad5cd0d7f4fbe1a036426531ab0d09f4d29d');
INSERT INTO `request` VALUES ('1', 'Rajesh', 'tmksmanju', 'Cloud_Auth.jsp', 'Permitted');
INSERT INTO `request` VALUES ('2', 'Hari', 'Manjunath', 'EU_Auth.jsp', 'Permitted');
INSERT INTO `results` VALUES ('Cloud_Auth.jsp', '314', '5120');
INSERT INTO `results` VALUES ('Do_Auth.jsp', '360', '6144');
INSERT INTO `results` VALUES ('EU_Auth.jsp', '242', '9216');
INSERT INTO `transaction` VALUES ('2', 'tmksmanju', 'Cloud_Auth.jsp', 'Upload', '27/11/2018   17:05:29', '1326');
INSERT INTO `transaction` VALUES ('3', 'tmksmanju', 'Do_Auth.jsp', 'Upload', '27/11/2018   18:20:30', '1654');
INSERT INTO `transaction` VALUES ('4', 'Rajesh', 'Cloud_Auth.jsp', 'Download', '28/11/2018   13:41:20', '27/11/2018   17:05:29');
INSERT INTO `transaction` VALUES ('5', 'tmksmanju', 'Cloud_Auth.jsp', 'Download', '28/11/2018   13:41:20', '27/11/2018   17:05:29');
INSERT INTO `transaction` VALUES ('6', 'Rajesh', 'Cloud_Auth.jsp', 'Download', '28/11/2018   13:41:38', '27/11/2018   17:05:29');
INSERT INTO `transaction` VALUES ('7', 'tmksmanju', 'Cloud_Auth.jsp', 'Download', '28/11/2018   13:41:38', '27/11/2018   17:05:29');
INSERT INTO `transaction` VALUES ('8', 'Rajesh', 'Cloud_Auth.jsp', 'Download', '28/11/2018   14:44:47', '27/11/2018   17:05:29');
INSERT INTO `transaction` VALUES ('9', 'tmksmanju', 'Cloud_Auth.jsp', 'Download', '28/11/2018   14:44:47', '27/11/2018   17:05:29');
INSERT INTO `transaction` VALUES ('10', 'Rajesh', 'Cloud_Auth.jsp', 'Download', '28/11/2018   14:56:33', '27/11/2018   17:05:29');
INSERT INTO `transaction` VALUES ('11', 'tmksmanju', 'Cloud_Auth.jsp', 'Download', '28/11/2018   14:56:33', '27/11/2018   17:05:29');
INSERT INTO `transaction` VALUES ('12', 'Rajesh', 'Cloud_Auth.jsp', 'Download', '28/11/2018   14:58:28', '27/11/2018   17:05:29');
INSERT INTO `transaction` VALUES ('13', 'tmksmanju', 'Cloud_Auth.jsp', 'Download', '28/11/2018   14:58:28', '27/11/2018   17:05:29');
INSERT INTO `transaction` VALUES ('14', 'Rajesh', 'Cloud_Auth.jsp', 'Download', '28/11/2018   15:02:26', '27/11/2018   17:05:29');
INSERT INTO `transaction` VALUES ('15', 'tmksmanju', 'Cloud_Auth.jsp', 'Download', '28/11/2018   15:02:26', '27/11/2018   17:05:29');
INSERT INTO `transaction` VALUES ('16', 'Rajesh', 'Cloud_Auth.jsp', 'Download', '28/11/2018   15:14:54', '27/11/2018   17:05:29');
INSERT INTO `transaction` VALUES ('17', 'tmksmanju', 'Cloud_Auth.jsp', 'Download', '28/11/2018   15:14:54', '27/11/2018   17:05:29');
INSERT INTO `transaction` VALUES ('18', 'Rajesh', 'Cloud_Auth.jsp', 'Download', '28/11/2018   15:25:38', '27/11/2018   17:05:29');
INSERT INTO `transaction` VALUES ('19', 'tmksmanju', 'Cloud_Auth.jsp', 'Download', '28/11/2018   15:25:38', '27/11/2018   17:05:29');
INSERT INTO `transaction` VALUES ('20', 'Manjunath', 'EU_Auth.jsp', 'Upload', '28/11/2018   15:36:23', '1699');
INSERT INTO `transaction` VALUES ('21', 'Hari', 'EU_Auth.jsp', 'Download', '28/11/2018   15:39:54', '28/11/2018   15:36:23');
INSERT INTO `transaction` VALUES ('22', 'Manjunath', 'EU_Auth.jsp', 'Download', '28/11/2018   15:39:54', '28/11/2018   15:36:23');
INSERT INTO `user` VALUES ('1', 'Rajesh', 'Rajesh', 'tmksmanju13@gmail.com', '9535866270', '#782,13th Cross,Rajajinagar', '05/06/1987', 'Male', '560021', 'Bangalore', 0xFFD8FFE000104A46494600010100000100010000FFDB00840009060710100F1010101015160F160F10100F1210101010100F0E1615171715111516181D2820181B2627151522312125292B2E2E2E171F3338332D37282D2E2B010A0A0A0E0D0E1B10101B2D252022372D2B2F2D2D2F2B312B2D2D2E2D2D2B312D2D2F2B2D2D2D2D2D2E2B2D2E2B2D2D2D2D2D2D2D2B2D2D2D2D2D2D2D2D2D2D2DFFC000110800CC00CC03012200021101031101FFC4001C0001000105010100000000000000000000000502030406070108FFC4004210000103020206070504090305000000000100020304110521061231415191071322617181A123324252B1144382C1153353627292B3D1F063C2E108243474B2FFC4001A010100020301000000000000000000000000030401020506FFC4002811000300020103040104030000000000000001020311120421310541516113223271C1141552FFDA000C03010002110311003F00EE28888022220088880222200A99646B5A5CE2034025CE710035A36924EC0BD738004936005C93B005C3F4D74A24C5A57C10B8B70C8DFAB76937AD91A73713FB30760DF6BF84D870BCB5A46B54A56D9B169274B2C0E74386C3D7B81B3A7792DA769FDDB66FF41E2B42C574A3169EE66AF7C60FC14DEC40F02DED7AA94C2700967222A78F66D2059AC0B3717D0B9299BAD2664EFDABA718F0E37C7B6FEFC95DE4A7DFD8E7356F95D9BA699E78BE691D9F1CCAC58714A988FB3A89D878C7512B3E856C55F4C05D6B55EDB1567484D6CDB700E92F17808F6C2760F82A00248E01E2CEF3CD75BD0CE9229710736191A69EACEC8A4702D90FFA4FCB5BC2C0AF9E289C45ADC94E538648DB3B71BF0731C3610771EF55F274B8ED78D336FC8E4FA851737E8B74DCD4FF00D8D4BCBA76071A79DD97DAE26EDF17B77F119F15D2172326378EB8B274F6B61111686422220088880222200888802222008888022220340E9871C30D2328E375A5AA718DC46D6D30CE5779821BF8973CA18DB1B1A1A2C000D68E0B27A4AC43ADC6A6CEED8228A9D9DC6C647F9DDF6F20A18D6D8B45FBD76BA6C7C71AFBEE54CCF6CED1A25574D052346B00ECCBEFB495AE69B692366EC33DC1EBDEB46FD2C40B5D45D76277BE6B33D34ABE6FC9A3BA6B89E62952335ABD5C9772C8ADAC2E360B01582489D17E99F62A49AE2731B2DDA0322F6F050E0ACFA59D0523648AA5CD11CB0102589CD9A03B83DBB0781191EE2BE85D1DC5995B490553326CB135F6DEC77C4C3DE0823C97CCF453DAE3838DBC0E7F9AEB9D06E21AD4D554C4FEAAA4B9838472E7F50E54BAEC7B8E5F06D85E9E8E9A888B9258088880222200888802222008888022220088880F98B4AAA09C46BDC769AC97D2CD1F45052D690EF20A5F4D6331E275EC3BAAA43E21D6703EAB5B94E657A18FD8BF84576BB996EC40AC69677395A4591A4117A02BD1C6B296C37A28646AFB2257A38964322534E322AB2CC65C3615D2FA09908ADAB6EE7D335E7C592003FA8573F6C2BA4742501FB654BF70A50D3E2E91A47FF2545D646B05318EF768EC8888BCD974222200888802222008888022220088880222203E73E9A693AAC6653BA58209872319F58CAD09CBB0FF00D42D076A86A40DD2D3B8F27B3FDFCD71EB2EE74D5CB1490D793C44553029CC172262CC8A356E162CE858A7C7241747B1C6B29912AA28D65C712B71056AB2CB615D57A1AA2D58EAA5B7BCF8E31DE1809FF7AE72C85768E8EE8FAAC3A1E2F2E94FE2397A00A8FAAD29E9F5F2D2FEFF00A24E97F564FE0D951117983A6111100444401111004444011110044440111101A2F4CF86F5D84C8FB670C914DE0C0E0D7FA38F25F3F55D6BB5CB5A00683603541C97D6788D1B27865824178E489F13C7163DA5A7EABE609B0C7D2575452CC3DAB3B3723DE03DD78FE2041F35D3E86F72E4872AF7209D203EF36C788C95513381FEEA62A6307685846003664BA32BB9172EC550B567C2D58908521005771A2BDB326162CE86356206A9181AAC37A4556CAE2809B01B4D80F13B1776A0A71145146363236307835A00FA2E5DA1B85F5F54CB8EC33DAC87765EE8F336F55D6179DF56CBCAA63E3B97FA29ECE82222E4178222200888802222008888022220088880222200B9974CFA2FD6C231385BEDE9DBED80FBDA506E6FDEDB93E04AE9AB1B13A66CB04D1385DAF8A48DC38B5CD208F55262C8E2D5230D6D68F981D287B439BB0FF9658EE51B4F33A225A7712D70EF1912392CE12822E17A19F25473A2F45B567C0A3612A4202AEE32B59254EA4E95A49000B939003692A2A9AE48005C936006D256C1A2150D76314948D20B9AE7CB50E198698E3738463CF56EB3D4E558E1D3228C6EEB48EADA25837D969C070F6AFB3E5EE3B9BE5FDD4DA22F1F92DDD3AAF2CEC4CA95A41111686C1111004444011110044440111100444401111005E3F61F02BD5AB699699D2D153CD69A3755756E10C2D7873DD21166920661A2F724ADA21D3D230DE8F99F13FF00C89FFF00626FEA395744CD7C9A7B7F2936D6F03C57A2989CCE676927693BCAB82957A350D159D23359413B76C4FF0026923D14A61984554C6D1C0F3C496EA340E25CEB0014652D55445FAB99EDF07957AAF14AC99BA9254CAE67CA5E4379052AAC8BC6885A96486318A4744D74303C495846ACB333B51538F89919F89FBB5B766B33A0E6EB63209398A5A877892583F32B5034BDCB61E8F7138F0FC4A1A99491081247290D2E2D63DB6D6B0049B10D39705075117715EEF44B8DCCF83E97451D84E3B4956DD6A6A88E51FE9BDA48EE23683DC548AF3AD35D996C2222C0088880222200888802222008888022C6C4710869A374B3C8D8E268BB9EF70680B9469474CC338F0D84BB775F3B4B59E2D8F227F15BC14B8F0DE4FDA8C3691D66B2B22858649A46B2302EE73DC1AD03BC95CDB497A66A487599451BAA1E32EB0DE2801EE246B3BC85BBD71AC6B19ABAC7EBD5CF24AEDC1E6CC6FF000B059ADF20B003174317412BBDF723793E0D9B1AD3CC4AB4912D4B9B19FBA83D8C607036ED3BCC951105B80CCDCF79E24AC463564C6BA58A263B25A20B7B24A2841192BC2996253C841B85314B531BB27764FA2B4922AD368C4FB32F7ECDDCA69B4648BB6C477154C94E1A2EF200F55B691A7E4214D32C1AB20643CD4857568376B321C779514F5A512C6FDCC50E731C1EC716BC6C731C5AE1E6335B868EF4A789D210D95E2A61F966CA503F764199FC575A939AAD962A9930CDFEE4599BD1F43E8BF49D875716B0C9D4541FBA9FB209E0C7FBAEF0BDFB96E80DF31B17C82F881DAB61D1CD36C470F2043505F10DB04F79232380BE6CF22173B2FA7FBC3259CBF27D3C8B9D68AF4B745545B155034D39B01AE75A07BB809377E2B2E88D7020106E08B823304715CEBC750F54B44A9A67A888B43211110044440146E91635150D2CB5537B91B6F61EF3DDB1AC6F79360A49727E9D311CE8292FD97492D4483888C0118237825C7F954B831FE4C8A4C53D2D9A74AEAEC76A83E6B9B9F630349EAA06F00379E2E39A96C5B40E4A4607481B63F29BACBD03C59948ED72DBDDB63C549E95E93FDA40681660D83BD7635736A657E928D5A69B6FB9CC312A102F928A112D87117175C3413E0147368A4F90F257A64D557630446AE358B34513FE43C955F6477CA791522830ECC5685742BBD41E07915E88D48A4D1B3D86A1ECF75C47815E4F3BDE6EF7127BD55D5A756B3C4C6D18C42A0B166756BCEAD63819E46118D506359C635498D6AE0CF323DD1AB6E8D483A2569D1A8EA0DD5186E841162B7FE8A74DE5A4A88E8AA1E5D472B8470971B9A694FBA01F90ECB6ECADBD696E8D635536CC71CC102ED236870CC1077283360570D3248BD33EB9458783D5F5F4D04C3EF208A5FE76877E6B317996B45D088880222200B81F4D955AF8C46C1F754918F3739EEFCC725DF17CDDD22D475B8CD6BB6EA39910F06B07FCABDE9D3CB311E57A930A9311B05764C46FDEA318C59D85B1A6789AE00B49370761C97A0E097739EF457FA41DB9A005532AA576CF46DD6D915344DF76360F06341FA2BA5152F822766A8CEBCEE77F2FFC2BA1936FBF20B6178561F113B8F25227F468EC87F69BCFA04ED6F03929275238FC27920A17FCAA4DC9AF2230C7FBA3CB2541807052FF00617F0F50BC342FE1EA167948E4431815061532EA27FCA55A7D23BE53C96CAA472224C6A831A91920B6D0ACBA359D266CA8C131AB4F8D6798D5B7B16AE0D95182E8D63D44576B87715201B700F72B6E628DC6D122A3BAF45359D760D446F72D8CC4EF1612DFC82DB5733E81AAAF41510139C358F007EEBC0703CF5B92E98BC8E79E39297D9D597B411114264222200BE5BAD9FAEAAAB9B73EAE770FE0D73ABE965F4969162229A9279B7B2291C3F883490BE62A32238597DB6CBBD763D267BD532B752FB2466318AED23DA2A2017F8DA3C2E6CA3BAD73B6F2DC8C36918778B1F35D8AAEDD8A9C7E4E98C85A36927C3255F647C23CF35830550734386F175519947C5954CA74D6D961E000562498F13CD63BA554EB2D9482EEB25D5BBAF6EB6D02E5D2EADDD2EB1A05774D6545D79759D02B2F569EC69DAD1C82F6EA9256502C4946C3BADE0547E27088A32FBE5B2D6CF352C4A83D259BB2D67E23F41F52B6E7491B42DBD18B4D2B1CD1639DB66C2AB731418192C9A6C45CD367E6DE3BC7F749CCB5AA26789FB1D1BA0FA8D4AFC420DD2410CC3C58E734FF0050725D997CFF00A035E29F19A67DFB12C32447BEE2E3E8177F0579BF528E3D43FB3A182B708F5111502608888083D33C38D4D1CB10DED20DB810BE6CAEA39217F5520CDA481DE38AFAB885A9695683C158090007EE36DEAE749D57E17A7E191DC723E7D8C2A87EB0792DB716E8FEB6071EADBAEDEFB8F55AEE23A3988B0B64EA6C1A412D06E5D6DC725D95D5E26969955E1AD92B85D56AF649C8ECEE2A5B596A34F89335B5240637ECD5906AF23B0A9FA5A83600E63715D05C6D6E594AE5CBEE67DD557568397B75AE8D0B975EDD5BBAF6EB1A05774BAA2E974D02BBAF2EA9BAF2E9A05775492A9BAA2494345CACA40F659434127605AC6212179738EFF41B8290ADA82EDB934721DE544BDEE949640C748F3976076477976C58C8E62774C9B14B6FB18AD192B3205B0E13A0F88BD8010DEED6B92392DC300E8AA5710EA870B701B173AFADC4A7C97562AD9ABE816113D655D339A088A03AC5FF0033B80FF372FA3D82C00EE0A3705C122A560646D02C2D90526B8DD4F50F35F26588852B411115737088880222203C7341DA1624F8644FDAD59889B06A98BE82D2D40EDB1A7C40BAD52B3A266B4DE9E4733B9AE3ABCB62EAC8A58CD73E198729F938B4FA175F0EC21E3BDB9F30AC1C26A9BEF407C5A6FE8405DC1785A0ED0AD4FA8E75EE435D3637EC70C751CA36C6EFE52A8303FE53C8AEE6E81876B4720AD9A28BF66DE414CBD5B27BA444FA38F9670FEADDF29E45046EF94F22BB7FE8F87F66DE4105043FB36F20B6FF006F5FF28C7F853F271214EF3F01E455D661F31D91BB92ED428E31F0379057044D1B1A3905ABF56C9EC9195D147CB38B3702AB77BB11F35930E815649B6CDF2FEEBB1808A2AF53CEFC3D124F4D8D7B1CC287A296120D43CBF7EA9D97F05B8E1DA2B4D034358C000E00053C8A9DE6BB7BA64EA52F05886918CD8D0AFA228CC844440111101FFFD9, 'Authorized', 'Permitted');
INSERT INTO `user` VALUES ('2', 'Hari', 'Hari', 'tmksmanju13@gmail.com', '9535866270', '#7827,18th Cross,Malleshwaram', '05/06/1987', 'Male', '560040', 'Bangalore', 0xFFD8FFE000104A46494600010100000100010000FFDB0084000906071210101212131310151210101515171311151812101017171617161517131718202821181A2527131521312125292B2E2E2E1A1F33383F2D37282D2E2B010A0A0A0D0D0E180F101937251F252C30372F372B2B2D37322D372F2B2B2E2C2F2D2B2E372B2D2D382F2D2D302B2B2D2D2D32342D2B322B372E2C2B38352D2B2DFFC000110800E100E103012200021101031101FFC4001C0001000105010100000000000000000000000703040506080102FFC4004710000201020204090807040A03000000000001020311041205062131071341515261718191141722325392A1D22342727482B1B33562B2E1154354636473A2C1D1F02433C2FFC4001A010101010101010100000000000000000000010405060203FFC40028110100010204060202030000000000000000010203041112A114155152619105E141F03181C1FFDA000C03010002110311003F009C40000000000000000F99CD455DB492E57B111D6B8F091C54A5470796528EC9577E9422F95535BA4FADECED233D23A4AB62259AB55A951FEFC9B4BECADD15D49203A11E9AC2A76788C3DF9B8D85FF0032EE8D784D5E128C973C5A92F14732D8AB86AF3A52CD4E738497D6A727092EC71DA074C8222D56E12EAD26A9E2EF569EEE352FA6A7D724BD75F1EDDC4B186C442AC2338494A1349C65177524F73405500000000000000000000000000000000000000000000343E15758DE1E8C70D4E56AB884DC9AF5A14B73B73393BABF3291BE101F0818E75B49621DF6539F151EA54D6576EFCCFBC0D74F40280000120F04FAC6E9D6F239BFA3AD774EFF0052A6F715D5257EF5D6C8F8A986C4CA94E1523EB529C671ED8B525F901D320A742AA9C2335BA71525D8D5D150800000000000000000000000000000000000000000738EB03BE3312F7DF135B6EFBFD24899F847D273C368FA92A6DA9D49469292DF1527E935CCECA493E7688200F4005000003C67A00E8BD5B77C161797FF001A8F5FF57132446FC0DE939CE9D7C3C9B71A2E3385FEAA9E6CD15D578DFBD9241000000000000000000000000000000000000000006275A7432C6E12A506F2B924E32E8CE2F345BEAD967D4D900691C0D4C3D5952AB070A907B62FE0D3E54F91ADE74A981D72D5E863B0D523963C7460DD29B5E9464B6A59B922ED67DA04000F65169B4D34D369A7B1A6B634D739E1400000F6116DA4936DBB2495DB6F72496F6784BFC15EAE46961D62AA4171D59DE0E4AF2A74F7472DF7396D77E6680BFE0DB56A582C3CA5555AB621C5CA3ECE31BE48BEBF4A4DF6DB90DBC02000000000000000000000000000000000000000000051A38BA7394A319C25285B346324E51BDED992DDB98115F0A7AACE9D478DA51FA3A8FE992FEAE6F667FB32E5EBEDD91E1D37569A945C64938C934D495E324F634D3DE88B35A78329A93A982B4A0F6F11376947FCB93D8D753B5B9D811B832B5356B1B1965785C4DFAA9C9AF14AC6C3ABDC1B62ABC94B11F414B953B4AB4973462B647B5EEE66518DD45D58963F10B326B0F49A7565D2E554D3E77F05B7989E211492492492B24B62496E48B5D15A3696169468D18A8C21B92DEDF2B93E56F9CAD89C4C29ACD39C211BA579C9455DEE577CA41541E4649ABA69A7CAB733D000000000000000000000000000000000001A76BCEBB4302B8AA4A33C4C95ECF6C28A7B9D4B6F7CD1EFD9B2E1B2E94D29470B0E32B548538F3C9ED7D514B6C9F5223DD37C2AADB1C2D2BFF795F62ED505B7C5AEC239D25A46AE26A3A95AA4AA4DF2C9EEEA8ADD15D4B616C5196D2DACD8CC55F8DAF51C5FD48BC94FB1C6364FBEE64B836D2DE4D8FA69BB4311F432E6BC9FD1BF7925F899AB84DA774DA69DD35BD3E4680E9D28E37150A34E756A3CB0A7172949F224AEF7163AB3A5162F0946BECBCE0B35B926BD19AF14CF9D6CC1CEBE07134A0AF39D1928AE93B5D25DB6B106B8F852C0F4315EE476FF00ACD9F4069BA38DA3C7516DC7338B525965092B36A4B9F6AF139D1AB3B34D34ECD3D8D3E54D72133F049829D2C0394D34AB5694E37D8DC72C629F63CAEDD567CA06EC457C32696CD3A3858BD905C6CD75BBC69AEE59DFE244A5526A29C9B494536DBDC92DADB39CF4FE9378BC4D6AEEFF004B51B49EF515B20BB92407CE8DD2F88C33BD1AD569F5464F23ED83F45F7A376D0BC29D685A389A51A91E9D2F42A76B8FAB27EE91E028E86D05AC985C6ABD1A89C92DB4E5E8D58F6C5EDB75ABA32E73251AB28494A329465177528B71945F3A6B6A251D46E109D49470F8C6B34ACA15F7293E48D5E44F9A5E3CEE09280000000000000000000000000005AE95C62A142B566AEA8D29D4B73E48B95BE0738E2B133AB39D49BCD3A9272937CADED67406B8FECEC67DD2B7E9C8E7A000028000093B81BD2DFF00BB0B27FDF43E11A8BF81F7B24F39D756B4AF91E2E8D7FAB4E6B3F5C25E8CFB7636FB523A262EEAEB6A7CAB7320E76D6DAB9F1D8C7FE26B2F766E2BF23A0345D5CF4294BA74A12F18A673A691AB9EB559F4EB5497BD26FF00DC9F753AAE7D1F837FE1A92EF5049FE40623850D2DE4F809C13F4F12F8A5CF95EDA8FB2C9AFC48844DCB855D2DC7E3B8A4EF0C2C72756795A551FF000C7F09A6940193D0BA03138C6D50A529A4ECE7EAD38F6C9ECBF56F36CA1C14E29ABCEB61E2F99679FC6C80D00F1A244F34F5FF00B451F7643CD3D7FED147DD901BAF079A5278AD1F4A536DCE0E54E527BE591D937D76CB7EBB9B2981D4AD032C0617899CE337C64A79A29A5E95B66DEC33C4000000000000000000000000187D71FD9D8CFBA56FD391CF4742EB8FECEC67DD2B7E9C8E7A2800000000F09C35034D71DA3136FD3C2C654E5CFE846F07EEE5F89081B2EA5E9BF2658CA6DDA388C1D5B7F990849C3C539AF003594C9AF53B4B4686838579EEA14AB6CE770A938C63DAED15DE4288D9B11A6ADA1E8E113DB2C4D494FEC45A9C53ED94D3FC206BB5EB4AA4E5393BCA727293E7949DDBF89B46A0EA9BD2155CAA5D61E8B59DAD8EA4B7AA717C9CEDF226B9EEB533A1F54F44AC1E0E8D1B5A518273EB9CBD29FC5DBB12032585C34294234E9C6308415A318AB462BA923EE534B7B4BB5D8C3EB3697786A6942DC654BA57DB952DF2F8AFFA8D0AB5694DB94DB937CB2777F134D9C2CDC8D5339430E271D4DAAB4C467294F8F874A3E2879443A51F144520FDF808EED99B9A4F66FF00495BCA21D28F8A1E510E947C511481C04776C7349ECDFE92B79443A51F143CA21D28F8A22903808EED8E693D9BFD256F28874A3E2879443A51F1445207011DDB1CD27B37FA4ADC7C3A51F147D4269EE69F63B913EC249D5FC1F1387A71B5A4D6697DA96D7E1B1771F85FC3C5A889CDA70B8BAAFD531A72CBCB220032B70000000030FAE3FB3B19F74ADFA7239E8E85D71FD9D8CFBA56FD391CF4500000000000000001B1F07DA2BCAB48518B578527C74F9AD069C577C9C5765C9E88F781ED15930F5712D6DAF3CB1FB14EEAEBB64E5EEA376D2F8CE22854A9CB18ECEB93D915E2D088999CA12AAA29899968DAD38DE37133B7AB4FD05DDEB7C6FE0622E5372E7DFF0098CC77A8A229A6298796B95CD754D53F954B8B94F30CC7D3E152E2E53CC330152E2E53CC330152E2E53CC330194D0184E3B114E1F553CD2FB31DBB7B762EF24C353D42C1DA152B3FACF247B16D97C6DE06D8727195EAB997477FE3EDE9B5ABA80032370000000030FAE3FB3B19F74ADFA7239E8E85D71FD9D8CFBA56FD391CF4500000000000003EE8519549C6115794E4A315CF293B25E2D1F06E3C15E8AE3F1CAA35786162EA3E6CEFD1A6BF8A5F84098744602386A14A8C7752A71876D96D7DFB5F79ACF0838FB2A74172BE325D8B6457F1782371223D60D23C7E26AD44EF1CD963F663B15BB6D7EF35E0ADEAB99F460F91BBA2D69EAB5CC3314338CE75F27015F30CC50CE338C857CC3314338CE3215F30CC50CE338C857CC7B1BB692576DD92E76F722DF399ED4BC1F1D8B8B6BD1A49D47CD75B22BC5A7DCCF9AEA8A299AA7F0FBB744D75C531F9489A2B06A851A7497D48A4FADEF93EF6DB2EC03CFCCCCCE72F554C45311100008A00000000C46B7C6FA3F19F74ADFA7239E4E99C4D15521284BD59C5C5F63567F99CDDA47052C3D6A9467EB529B83EBB3D8D753D8FBC0B70014786C1A175331B8B4A54E96583DD52B3E2E0FAD5FD26BAD268DCF839D48864862F131CD29252A54A4BD18AE49CD72B7BD2E45B77EE92C82208F0538BB6DAD86BF6CDFF00F27BE6A715EDB0DFEBF94975C92E54799D73AF12888FCD4E2BDB61BFD7F29BCEA26ACBD1D42709CA12A952A6694A17CB64AD18ABEDD9B5F7B363CEB9D788CEB9D788189D6DD21E4F84AB24ED292C91E7CD2D975D8AEFB88894CDB384DD279AAD3A09ECA71CF2B74A5B22BB927EF1A5E73B582B5A6DE7D5E77E46F6BBD947F11FB2B9CE3396D9C6735E4C19AE738CE5B6719C6466B9CE3396D9C671919AE738CE5B6719C6466B9CE493C1DE072619D56BD2AF2BAFB11BA8FC733EF232C252955A90A71F5AA4D4576C9DAE4E584C3C69538538FAB4E0A2BB12B2FC8E7FC8579511475753E2ED6AAE6B9FC7FAAC00392EE8000000000000689C236A63C5AF29A097944236943771F15BADFBEB939D6CE446F600E63A90716E324E328BB38C95A516B7A69EE665754B462C56370F465B632A9792E78C139C977A8DBBC9C34DEACE1319B6B518CA56B2A8AF0A8BF1476B5D4F618CD03A8786C162162294EBB928CA2A337194166D8F7453F881B4A446FAFDADF52356586A127054F654A91769CA5CB18BE44B95ADB7ECDB249A6633839C355A93A92AB89CD52729BB385AF26DBB5E3BB69A70B55AA6BD571931945EAE8D36BFB4553A97777B5BDEDED6FB59E665CC8943CD8E17DB62BC69FC83CD8E17DB62BC69FC87538FB1D7671F96623A47B45F99732199732250F36385F6D8AF1A7F20F36385F6D8AF1A7F20E3ECF5D9396623A47B460A638C24FF0036385F6D8AF1A7F20F36385F6D8AF1A7F20E3EC75D9796623C7B461C60E3093FCD8E17DB62BC69FC83CD8E17DB62BC69FC838EB1D76396623C7B461C60E3093FCD8E17DB62BC69FC83CD8E17DB62BC69FC838EB1D76396623C7B461C60E3093FCD8E17DB62BC69FC83CD8E17DB62BC69FC838EB1D76396623C7B461C60E3093FCD8E17DB62BC69FC855C3F06B838C9394F1135D194A293EDCB14FE24E3EC7EC1CB311E3DB01C18E8A75710F1125F47413516F73A9256D9CF64DF8A25328E130D0A508C29C63184559462AC9158E5622F4DDAF53B785B1162DE8F6000FC1A00000000000003E2B55504DC9D923ECC1E90AD9E5FBB1D8BFDD81E6274ACE5EAFA2BC64FFE0F3465793AB1CD2934EEB6B6D6E2DF21F504D34D6F4EE51B21AE63B3C2A49669DAF75B5EE7B8CFE1EB29C535DFD4CF8C4E163516DE4DCD6F441AE71B3E94FDE638D9F4A7EF332CF447EF7C3F98FE88FDFF0087F328C4F1B3E94FDE638D9F4A7EF332DFD11FBFF0FE63FA23F7FE1FCC0C4F1B3E94FDE638D9F4A7EF32EB1584C92B6FD97BEE28E4029F1B3E94FDE638D9F4A7EF32A641900A7C6CFA53F798E367D29FBCCA99064029F1B3E94FDE638D9F4A7EF32A641900A7C6CFA53F799F50C4548BBA9CFC5B5E0CFAC8320199D1B8DE3159FACBC1AE72F4C060A59269F26E7D8CCF9000000000000000007C56768C9F327F9185C866ABFAB2EC66332014320C857C832147C50A8E0EEBBD7233234F1717BF63EBFF0092C720C8064F8D8F3C7C50E363CEBC518CC8321064F8D8F3AF147D269EEF818AC85DE05EF5DE079A4A95E29F45FC198EC867271BA6B9D18B74EC05BE4190AF906428A190642BE41900A190642BE41900A190642BE41900A190CC61679A09F2EE7DC63B21758176BAE7DA41780000000000000003E2AFAAFB19600000014000000000AB86F590005E9615BD67DA7A0829800A000000000000055C3FACBFEF20005E8008000000003FFFD9, 'Authorized', 'Permitted');
